{
  "colorScheme": {
    "_": {
      "mode": "rgb",
      "maxes": {
        "rgb": [
          255,
          255,
          255,
          255
        ],
        "hsb": [
          360,
          100,
          100,
          1
        ],
        "hsl": [
          360,
          100,
          100,
          1
        ]
      },
      "_array": [
        1,
        1,
        1,
        1
      ],
      "levels": [
        255,
        255,
        255,
        255
      ]
    },
    "A": {
      "mode": "rgb",
      "maxes": {
        "rgb": [
          255,
          255,
          255,
          255
        ],
        "hsb": [
          360,
          100,
          100,
          1
        ],
        "hsl": [
          360,
          100,
          100,
          1
        ]
      },
      "_array": [
        0,
        0.08627450980392157,
        0.5215686274509804,
        1
      ],
      "levels": [
        0,
        22,
        133,
        255
      ]
    },
    "B": {
      "mode": "rgb",
      "maxes": {
        "rgb": [
          255,
          255,
          255,
          255
        ],
        "hsb": [
          360,
          100,
          100,
          1
        ],
        "hsl": [
          360,
          100,
          100,
          1
        ]
      },
      "_array": [
        0.00392156862745098,
        0.6862745098039216,
        0.9137254901960784,
        1
      ],
      "levels": [
        1,
        175,
        233,
        255
      ]
    },
    "C": {
      "mode": "rgb",
      "maxes": {
        "rgb": [
          255,
          255,
          255,
          255
        ],
        "hsb": [
          360,
          100,
          100,
          1
        ],
        "hsl": [
          360,
          100,
          100,
          1
        ]
      },
      "_array": [
        0.7215686274509804,
        0,
        0,
        1
      ],
      "levels": [
        184,
        0,
        0,
        255
      ]
    },
    "D": {
      "mode": "rgb",
      "maxes": {
        "rgb": [
          255,
          255,
          255,
          255
        ],
        "hsb": [
          360,
          100,
          100,
          1
        ],
        "hsl": [
          360,
          100,
          100,
          1
        ]
      },
      "_array": [
        1,
        0.24313725490196078,
        0,
        1
      ],
      "levels": [
        255,
        62,
        0,
        255
      ]
    },
    "E": {
      "mode": "rgb",
      "maxes": {
        "rgb": [
          255,
          255,
          255,
          255
        ],
        "hsb": [
          360,
          100,
          100,
          1
        ],
        "hsl": [
          360,
          100,
          100,
          1
        ]
      },
      "_array": [
        0.32941176470588235,
        0.01568627450980392,
        0.44313725490196076,
        1
      ],
      "levels": [
        84,
        4,
        113,
        255
      ]
    },
    "F": {
      "mode": "rgb",
      "maxes": {
        "rgb": [
          255,
          255,
          255,
          255
        ],
        "hsb": [
          360,
          100,
          100,
          1
        ],
        "hsl": [
          360,
          100,
          100,
          1
        ]
      },
      "_array": [
        1,
        1,
        0,
        1
      ],
      "levels": [
        255,
        255,
        0,
        255
      ]
    },
    "G": {
      "mode": "rgb",
      "maxes": {
        "rgb": [
          255,
          255,
          255,
          255
        ],
        "hsb": [
          360,
          100,
          100,
          1
        ],
        "hsl": [
          360,
          100,
          100,
          1
        ]
      },
      "_array": [
        0,
        0.9215686274509803,
        0,
        1
      ],
      "levels": [
        0,
        235,
        0,
        255
      ]
    }
  },
  "pattern": "-_- B/G C\\E E/A A\\B -_-\nB/A F\\G C/D D\\F F/G G\\B\nE\\A F/D -_- -_- D\\C C/E\nE/C C\\D -_- -_- D/F A\\E\nB\\G G/F F\\D D/C G\\F A/B\n-_- B\\A A/E E\\C G/B -_-",
  "layout": [
    [
      0,
      1
    ],
    [
      3,
      2
    ]
  ]
}
