{"colorScheme":{"_":{"mode":"rgb","maxes":{"rgb":[255,255,255,255],"hsb":[360,100,100,1],"hsl":[360,100,100,1]},"_array":[1,1,1,1],"levels":[255,255,255,255]},"A":{"mode":"rgb","maxes":{"rgb":[255,255,255,255],"hsb":[360,100,100,1],"hsl":[360,100,100,1]},"_array":[0.7215686274509804,0.8980392156862745,0.8509803921568627,1],"levels":[184,229,217,255]},"B":{"mode":"rgb","maxes":{"rgb":[255,255,255,255],"hsb":[360,100,100,1],"hsl":[360,100,100,1]},"_array":[0.8431372549019608,0.7019607843137254,0.3764705882352941,1],"levels":[215,179,96,255]},"C":{"mode":"rgb","maxes":{"rgb":[255,255,255,255],"hsb":[360,100,100,1],"hsl":[360,100,100,1]},"_array":[0.06274509803921569,0.30980392156862746,0.5764705882352941,1],"levels":[16,79,147,255]},"D":{"mode":"rgb","maxes":{"rgb":[255,255,255,255],"hsb":[360,100,100,1],"hsl":[360,100,100,1]},"_array":[0.12156862745098039,0.596078431372549,0.5411764705882353,1],"levels":[31,152,138,255]}},"pattern":"D/B B\\A A/D C\\D -C- C\\A\nA\\D -B- B\\C C/A A\\D -C-\nA/D C\\D -B- B\\A A/D -C-\n-C- C/A A\\D B/D -C- C/A\n-C- C\\A A/D -C- C/B B\\A\nA\\D C/D -C- C/A A\\D B/D"}