{"colorScheme":{"_":{"mode":"rgb","maxes":{"rgb":[255,255,255,255],"hsb":[360,100,100,1],"hsl":[360,100,100,1]},"_array":[1,1,1,1],"levels":[255,255,255,255]},"A":{"mode":"rgb","maxes":{"rgb":[255,255,255,255],"hsb":[360,100,100,1],"hsl":[360,100,100,1]},"_array":[0.7215686274509804,0.8980392156862745,0.8509803921568627,1],"levels":[184,229,217,255]},"B":{"mode":"rgb","maxes":{"rgb":[255,255,255,255],"hsb":[360,100,100,1],"hsl":[360,100,100,1]},"_array":[0.8431372549019608,0.7019607843137254,0.3764705882352941,1],"levels":[215,179,96,255]},"C":{"mode":"rgb","maxes":{"rgb":[255,255,255,255],"hsb":[360,100,100,1],"hsl":[360,100,100,1]},"_array":[0.01568627450980392,0.6431372549019608,0.4745098039215686,1],"levels":[4,164,121,255]},"D":{"mode":"rgb","maxes":{"rgb":[255,255,255,255],"hsb":[360,100,100,1],"hsl":[360,100,100,1]},"_array":[0.4980392156862745,0.6313725490196078,0.9411764705882353,1],"levels":[127,161,240,255]}},"pattern":"-B- B\\C C/D D/C C/D -D-\nC\\B -A- -A- -C- -B- D/C\nC/D -A- -D- -C- -C- C/D\nD/C -C- -D- -D- -A- D/B\nC/A -B- -C- -A- -A- C\\B\n-A- A/C C/D D/B B\\C -C-"}