{"colorScheme":{"_":{"mode":"rgb","maxes":{"rgb":[255,255,255,255],"hsb":[360,100,100,1],"hsl":[360,100,100,1]},"_array":[1,1,1,1],"levels":[255,255,255,255]},"A":{"mode":"rgb","maxes":{"rgb":[255,255,255,255],"hsb":[360,100,100,1],"hsl":[360,100,100,1]},"_array":[0.4,0.4196078431372549,1,1],"levels":[102,107,255,255]},"B":{"mode":"rgb","maxes":{"rgb":[255,255,255,255],"hsb":[360,100,100,1],"hsl":[360,100,100,1]},"_array":[0.5843137254901961,0,0.7019607843137254,1],"levels":[149,0,179,255]},"C":{"mode":"rgb","maxes":{"rgb":[255,255,255,255],"hsb":[360,100,100,1],"hsl":[360,100,100,1]},"_array":[0.3176470588235294,0.8823529411764706,0.788235294117647,1],"levels":[81,225,201,255]}},"pattern":"-B- -B- C\\B -B- C\\B -B-\n-B- -B- -C- C\\B -C- C\\B\nB\\C -C- -A- -A- -A- -A-\n-B- B\\C -A- -A- -A- -A-\nB\\C -C- -A- -A- -A- -A-\n-B- B\\C -A- -A- -A- -A-"}