{"colorScheme":{"_":{"mode":"rgb","maxes":{"rgb":[255,255,255,255],"hsb":[360,100,100,1],"hsl":[360,100,100,1]},"_array":[1,1,1,1],"levels":[255,255,255,255]},"A":{"mode":"rgb","maxes":{"rgb":[255,255,255,255],"hsb":[360,100,100,1],"hsl":[360,100,100,1]},"_array":[0.5450980392156862,0.9725490196078431,0.42745098039215684,1],"levels":[139,248,109,255]},"B":{"mode":"rgb","maxes":{"rgb":[255,255,255,255],"hsb":[360,100,100,1],"hsl":[360,100,100,1]},"_array":[0.4470588235294118,0.4,0.27450980392156865,1],"levels":[114,102,70,255]},"C":{"mode":"rgb","maxes":{"rgb":[255,255,255,255],"hsb":[360,100,100,1],"hsl":[360,100,100,1]},"_array":[0.7058823529411765,0.8823529411764706,0.3176470588235294,1],"levels":[180,225,81,255]},"D":{"mode":"rgb","maxes":{"rgb":[255,255,255,255],"hsb":[360,100,100,1],"hsl":[360,100,100,1]},"_array":[0.5490196078431373,0.9333333333333333,0.592156862745098,1],"levels":[140,238,151,255]},"E":{"mode":"rgb","maxes":{"rgb":[255,255,255,255],"hsb":[360,100,100,1],"hsl":[360,100,100,1]},"_array":[0.40784313725490196,0.8274509803921568,0.35294117647058826,1],"levels":[104,211,90,255]}},"pattern":"-B- -A- -B- -B- -B- -B- -A- -B-\n-C- -C- C\\B -B- -B- B/E -A- -E-\n-B- B\\A -A- -A- -A- -E- A/B -B-\n-B- -B- -C- -B- -B- -E- -B- -B-\n-B- -B- -C- -B- -B- -E- -B- -B-\n-B- B/D -C- -D- -D- -D- D\\B -B-\n-C- -D- C/B -B- -B- B\\E -E- -E-\n-B- -D- -B- -B- -B- -B- -D- -B-","layout":[[0,2],[2,0]]}