{"colorScheme":{"_":{"mode":"rgb","maxes":{"rgb":[255,255,255,255],"hsb":[360,100,100,1],"hsl":[360,100,100,1]},"_array":[1,1,1,1],"levels":[255,255,255,255]},"A":{"mode":"rgb","maxes":{"rgb":[255,255,255,255],"hsb":[360,100,100,1],"hsl":[360,100,100,1]},"_array":[1,0.6823529411764706,0.3215686274509804,1],"levels":[255,174,82,255]},"B":{"mode":"rgb","maxes":{"rgb":[255,255,255,255],"hsb":[360,100,100,1],"hsl":[360,100,100,1]},"_array":[0.9647058823529412,0.9764705882352941,0.3058823529411765,1],"levels":[246,249,78,255]},"C":{"mode":"rgb","maxes":{"rgb":[255,255,255,255],"hsb":[360,100,100,1],"hsl":[360,100,100,1]},"_array":[0.47843137254901963,0.7058823529411765,0.29411764705882354,1],"levels":[122,180,75,255]}},"pattern":"-A- A/C -A- -A- C\\A -A-\nA/C -C- -B- -B- -C- C\\A\n-A- -B- -A- -A- -B- -A-\n-A- -B- -A- -A- -B- -A-\nA\\C -C- -B- -B- -C- C/A\n-A- A\\C -A- -A- C/A -A-"}