{"colorScheme":{"_":{"mode":"rgb","maxes":{"rgb":[255,255,255,255],"hsb":[360,100,100,1],"hsl":[360,100,100,1]},"_array":[1,1,1,1],"levels":[255,255,255,255]},"A":{"mode":"rgb","maxes":{"rgb":[255,255,255,255],"hsb":[360,100,100,1],"hsl":[360,100,100,1]},"_array":[1,0.7019607843137254,0.9333333333333333,1],"levels":[255,179,238,255]},"B":{"mode":"rgb","maxes":{"rgb":[255,255,255,255],"hsb":[360,100,100,1],"hsl":[360,100,100,1]},"_array":[0.8823529411764706,0.23921568627450981,0.7647058823529411,1],"levels":[225,61,195,255]},"C":{"mode":"rgb","maxes":{"rgb":[255,255,255,255],"hsb":[360,100,100,1],"hsl":[360,100,100,1]},"_array":[0.6745098039215687,0.047058823529411764,0.5058823529411764,1],"levels":[172,12,129,255]}},"pattern":"-A- C\\A A/B -A-\nA\\B B\\C B/C C/A\nA/C C/B C\\B B\\A\n-A- B/A A\\C -A-"}