{"colorScheme":{"_":{"mode":"rgb","maxes":{"rgb":[255,255,255,255],"hsb":[360,100,100,1],"hsl":[360,100,100,1]},"_array":[1,1,1,1],"levels":[255,255,255,255]},"A":{"mode":"rgb","maxes":{"rgb":[255,255,255,255],"hsb":[360,100,100,1],"hsl":[360,100,100,1]},"_array":[0.4117647058823529,0.8588235294117647,0.3803921568627451,1],"levels":[105,219,97,255]},"B":{"mode":"rgb","maxes":{"rgb":[255,255,255,255],"hsb":[360,100,100,1],"hsl":[360,100,100,1]},"_array":[0.8745098039215686,0.9411764705882353,0.3764705882352941,1],"levels":[223,240,96,255]},"C":{"mode":"rgb","maxes":{"rgb":[255,255,255,255],"hsb":[360,100,100,1],"hsl":[360,100,100,1]},"_array":[0.47843137254901963,0.7058823529411765,0.29411764705882354,1],"levels":[122,180,75,255]},"D":{"mode":"rgb","maxes":{"rgb":[255,255,255,255],"hsb":[360,100,100,1],"hsl":[360,100,100,1]},"_array":[1,0.3607843137254902,0.3607843137254902,1],"levels":[255,92,92,255]},"E":{"mode":"rgb","maxes":{"rgb":[255,255,255,255],"hsb":[360,100,100,1],"hsl":[360,100,100,1]},"_array":[0.9764705882352941,0.5215686274509804,0.8941176470588236,1],"levels":[249,133,228,255]},"F":{"mode":"rgb","maxes":{"rgb":[255,255,255,255],"hsb":[360,100,100,1],"hsl":[360,100,100,1]},"_array":[0.7254901960784313,0.4745098039215686,0.8431372549019608,1],"levels":[185,121,215,255]}},"pattern":"-F- -F- -F- -F- -F- -C-\n-F- -E- -E- -E- -A- -C-\n-F- -E- -D- -B- -A- -C-\n-F- -E- -B- -B- -A- -C-\n-F- -A- -A- -A- -A- -C-\n-C- -C- -C- -C- -C- -C-"}