{"colorScheme":{"_":{"mode":"rgb","maxes":{"rgb":[255,255,255,255],"hsb":[360,100,100,1],"hsl":[360,100,100,1]},"_array":[1,1,1,1],"levels":[255,255,255,255]},"A":{"mode":"rgb","maxes":{"rgb":[255,255,255,255],"hsb":[360,100,100,1],"hsl":[360,100,100,1]},"_array":[0.996078431372549,1,0.8784313725490196,1],"levels":[254,255,224,255]},"B":{"mode":"rgb","maxes":{"rgb":[255,255,255,255],"hsb":[360,100,100,1],"hsl":[360,100,100,1]},"_array":[0.9254901960784314,0.27450980392156865,0.27450980392156865,1],"levels":[236,70,70,255]},"C":{"mode":"rgb","maxes":{"rgb":[255,255,255,255],"hsb":[360,100,100,1],"hsl":[360,100,100,1]},"_array":[0,0.5294117647058824,0.8588235294117647,1],"levels":[0,135,219,255]},"D":{"mode":"rgb","maxes":{"rgb":[255,255,255,255],"hsb":[360,100,100,1],"hsl":[360,100,100,1]},"_array":[0.807843137254902,0.8862745098039215,0.23529411764705882,1],"levels":[206,226,60,255]}},"pattern":"-A- -A- C\\A A/C -A- -A-\n-A- -A- C/B B\\C -A- -A-\nA\\C C/B -D- -D- B\\C C/A\nA/C C\\B -D- -D- B/C C\\A\n-A- -A- C\\B B/C -A- -A-\n-A- -A- C/A A\\C -A- -A-"}