{"colorScheme":{"_":{"mode":"rgb","maxes":{"rgb":[255,255,255,255],"hsb":[360,100,100,1],"hsl":[360,100,100,1]},"_array":[1,1,1,1],"levels":[255,255,255,255]},"A":{"mode":"rgb","maxes":{"rgb":[255,255,255,255],"hsb":[360,100,100,1],"hsl":[360,100,100,1]},"_array":[0.10588235294117647,0.35294117647058826,0.615686274509804,1],"levels":[27,90,157,255]},"B":{"mode":"rgb","maxes":{"rgb":[255,255,255,255],"hsb":[360,100,100,1],"hsl":[360,100,100,1]},"_array":[0.8470588235294118,0.29411764705882354,0.29411764705882354,1],"levels":[216,75,75,255]}},"pattern":"A\\B -B- -A- A/B\n-A- A\\B A/B -B-\n-B- B/A B\\A -A-\nB/A -A- -B- B\\A"}